<?xml version="1.0" encoding="UTF-8"?>
<beans xmlns="http://www.springframework.org/schema/beans"
    xmlns:context="http://www.springframework.org/schema/context"
    xmlns:xsi="http://www.w3.org/2001/XMLSchema-instance"
    xmlns:aop="http://www.springframework.org/schema/aop"
    xsi:schemaLocation="
        http://www.springframework.org/schema/beans     
        http://www.springframework.org/schema/beans/spring-beans-4.0.xsd
        http://www.springframework.org/schema/context
        http://www.springframework.org/schema/context/spring-context-4.0.xsd
        http://www.springframework.org/schema/aop
        http://www.springframework.org/schema/aop/spring-aop-4.0.xsd
        "
        default-lazy-init="false">
	<!-- 上面必须使用 default-lazy-init为false否则会导致获取redis实例为空-->
	
<!-- 	<bean id="jedisWrapperInit" class="com.eebbk.edu.redis.JedisWrapperInit"> -->
<!-- 		<property name="jedisConfig"> -->
<!-- 			<map> -->
<!-- 				<entry key="cache" value="jedis_cache-${spring.profiles.active}.properties"></entry> -->
<!-- 			</map> -->
<!-- 		</property> -->
<!-- 	</bean> -->
	<bean class="com.eebbk.edu.redis.JedisClusterManager">
  		<property name="clusterConfig">
   		<map>
          <entry key="cache" value="jedis_cache-${spring.profiles.active}.properties"></entry>
   		</map>
  		</property>
 	</bean>
</beans>
	
