<?xml version="1.0" encoding="UTF-8"?>
<beans xmlns="http://www.springframework.org/schema/beans"
    xmlns:context="http://www.springframework.org/schema/context"
    xmlns:xsi="http://www.w3.org/2001/XMLSchema-instance"
    xmlns:tx="http://www.springframework.org/schema/tx"
    xmlns:aop="http://www.springframework.org/schema/aop"
    xmlns:mvc="http://www.springframework.org/schema/mvc"
    xsi:schemaLocation="
        http://www.springframework.org/schema/beans     
        http://www.springframework.org/schema/beans/spring-beans-4.0.xsd
        http://www.springframework.org/schema/context
        http://www.springframework.org/schema/context/spring-context-4.0.xsd
        http://www.springframework.org/schema/aop
        http://www.springframework.org/schema/aop/spring-aop-4.0.xsd
        http://www.springframework.org/schema/mvc 
        http://www.springframework.org/schema/mvc/spring-mvc-4.0.xsd
        http://www.springframework.org/schema/tx
        http://www.springframework.org/schema/tx/spring-tx-4.0.xsd
        "
        default-lazy-init="false"> 
    <mvc:annotation-driven/>   
    
	<!-- support annotation config -->
	<context:annotation-config/>
    
    <!-- add eebbk because depands other jar needed -->
    <context:component-scan base-package="com.eebbk"/>
    
    <!-- exception resources -->
    <mvc:resources mapping="/resources/**" location="/resources/" />
	<mvc:resources mapping="/upload/**" location="/upload/" />
	
	<mvc:resources location="/WEB-INF/views/css/" mapping="/css/**" />
	<mvc:resources location="/WEB-INF/views/js/" mapping="/js/**" />
	<mvc:resources location="/WEB-INF/images/" mapping="/images/**" />
	<!-- Enables swgger ui-->  
    <mvc:resources mapping="/swagger-ui.html" location="classpath:/META-INF/resources/"/>  
    <mvc:resources mapping="/webjars/**" location="classpath:/META-INF/resources/webjars/"/>
	
	<!-- home page -->
	<mvc:view-controller path="/" view-name="index"/>
	<!-- support aop -->
	<aop:aspectj-autoproxy proxy-target-class="true"/>
	
	<!-- jsp map -->
	<bean class="org.springframework.web.servlet.view.InternalResourceViewResolver">
		<property name="prefix" value="/WEB-INF/views/"/>
		<property name="suffix" value=".jsp"/>
	</bean>
	
	<!-- SpringMVC上传文件时，需要配置MultipartResolver处理器 -->  
    <bean id="multipartResolver" class="org.springframework.web.multipart.commons.CommonsMultipartResolver">  
        <property name="defaultEncoding" value="UTF-8"/>  
        <!-- 指定所上传文件的总大小不能超过2g。注意maxUploadSize属性的限制不是针对单个文件，而是所有文件的容量之和 -->  
        <property name="maxUploadSize" value="2000000000"/>  
    </bean>
    
    <!-- 自定义的异常处理类，对程序中出现的异常集中处理  -->
	<bean id="exceptionHandler" class="com.eebbk.edu.common.web.exception.MyExceptionHandler"/>
	
	 <!-- 拦截器 -->
<!--     <mvc:interceptors>  
        <mvc:interceptor>
           <mvc:mapping path="/**" />             
           <bean class="com.eebbk.common.interceptor.AccessInterceptor">      		
           </bean>   
        </mvc:interceptor>
    </mvc:interceptors> -->
    
    <import resource="spring-bean.xml"/>
</beans>