<?xml version="1.0" encoding="UTF-8"?>
<assembly
    xmlns="http://maven.apache.org/plugins/maven-assembly-plugin/assembly/1.1.2"
    xmlns:xsi="http://www.w3.org/2001/XMLSchema-instance"
    xsi:schemaLocation="http://maven.apache.org/plugins/maven-assembly-plugin/assembly/1.1.2 http://maven.apache.org/xsd/assembly-1.1.2.xsd">
    
    <id>release</id>
    <includeBaseDirectory>true</includeBaseDirectory>
    <formats>
        <format>zip</format>
    </formats>
    <fileSets>
        <fileSet>
            <directory>src/main/webapp/resources</directory>
            <outputDirectory>/resources</outputDirectory> 
        </fileSet>
        <fileSet>
            <directory>src/main/webapp/WEB-INF</directory>
            <outputDirectory>/WEB-INF</outputDirectory>
            <excludes /> 
        </fileSet>
        <fileSet>
            <directory>target/classes</directory>
            <outputDirectory>/WEB-INF/classes</outputDirectory>
            <excludes /> 
        </fileSet>
    </fileSets>
     <dependencySets>  
        <dependencySet>  
            <useProjectArtifact>true</useProjectArtifact>  
            <outputDirectory>/WEB-INF/lib</outputDirectory><!-- 将scope为runtime的依赖包打包到lib目录下。 -->  
			<excludes>
				<exclude>*:war</exclude><!-- 忽略war包 否则你会发现压缩包中多了个war包 真是不智能-->
			</excludes>
            <scope>runtime</scope>  
        </dependencySet>  
    </dependencySets> 
</assembly>